,Отчетная дата,Просроченная задолженность по кредитам,добыча полезных ископаемых,добыча топливно-энергетических полезных ископаемых,обрабатывающие производства,"производство пищевых продуктов, включая напитки, и табака",обработка древесины и производство изделий из дерева,целлюлозно-бумажное производство; издательская и полиграфическая деятельность,"производство кокса, нефтепродуктов и ядерных материалов",химическое производство,производство прочих неметаллических минеральных продуктов,металлургическое производство и производство готовых металлических изделий,производство машин и оборудования,производство машин и оборудования для сельского и лесного хозяйства,производство транспортных средств и оборудования,производство автомобилей,"производство и распределение электроэнергии, газа и воды","сельское хозяйство, охота и лесное хозяйство","сельское хозяйство, охота и предоставление услуг в этих областях",строительство,строительство зданий и сооружений,транспорт и связь,"деятельность воздушного транспорта, подчиняющегося и не подчиняющегося расписанию","оптовая и розничная торговля; ремонт автотранспортных средств, мотоциклов, бытовых изделий и предметов личного пользования","операции с недвижимым имуществом, аренда и предоставление услуг",прочие виды деятельности,на завершение расчетов,MIACR_Дата,MIACR_1 день,MIACR_от 2 до 7 дн.,MIACR_от 8 до 30 дн.,MIACR_от 31 до 90 дн.,MIACR_от 91 до 180 дн.,MIACR_от 181 дн. до 1 года,MOEX_Date,MOEX_Price,MOEX_Open,MOEX_High,MOEX_Low,MOEX_Change %,Date,Inflation
0,2009-04-01,346769,3084,1813,69830,23171,3464,1861,381,2475,2758,4990,4112,84,6063,4362,3737,15256,10854,43447,33272,10279,3181,138637,18999,30438,13062,2009-04-01,8.58,9.02,10.88,14.97,12.99,13.47,2009-04-01,920.35,772.93,942.58,758.09,19.07,2009-04-01,13.16
1,2009-05-01,380065,4032,1871,74435,24133,3711,1999,672,2615,2728,6294,3428,352,6549,4486,3685,15318,12145,45735,35817,11171,2853,153720,23304,34319,14346,2009-05-01,7.06,7.79,9.47,11.91,15.3,16.33,2009-05-01,1123.38,935.16,1125.59,935.16,22.06,2009-05-01,12.28
2,2009-06-01,409667,3235,1967,80603,24110,3984,2156,672,2989,2782,6614,4354,564,6713,4900,4364,16065,12997,54593,43278,11626,3251,164652,25073,34600,14857,2009-06-01,6.75,7.48,9.04,15.35,13.23,11.04,2009-06-01,971.55,1142.63,1226.62,881.79,-13.52,2009-06-01,11.87
3,2009-07-01,428450,5346,2732,89104,24647,4178,2046,1192,1587,3863,8486,4989,712,9563,6221,5646,16871,13457,43162,31523,12542,3552,174102,27509,40487,13680,2009-07-01,6.46,7.4,8.14,11.02,12.38,0.0,2009-07-01,1053.3,974.23,1057.41,852.12,8.41,2009-07-01,12.01
4,2009-08-01,478269,7519,2067,93343,22821,5309,3447,2056,1980,3972,7568,7805,615,10877,7550,5656,17591,14571,45867,32796,16209,4738,196035,41231,40969,13850,2009-08-01,6.61,7.12,8.68,10.59,10.58,11.5,2009-08-01,1091.98,1059.29,1135.76,1013.82,3.67,2009-08-01,11.6
5,2009-09-01,524767,5405,2323,111160,24682,5780,3780,2056,2289,4426,13342,8578,599,13448,10864,6114,18637,15530,48143,34078,16031,4743,215448,44715,44788,14326,2009-09-01,7.25,7.94,8.3,10.79,12.0,15.75,2009-09-01,1197.2,1094.65,1241.05,1069.83,9.64,2009-09-01,10.69
6,2009-10-01,549154,5410,2204,107115,21908,6538,3874,2055,2868,4705,10048,7939,151,16536,11783,6958,20648,17406,53679,39273,15433,3829,228604,42021,54600,14687,2009-10-01,5.81,6.27,6.79,9.34,8.75,15.0,2009-10-01,1237.18,1200.69,1388.73,1144.84,3.34,2009-10-01,9.69
7,2009-11-01,575537,6241,3053,121681,23559,6355,4001,2194,4283,4155,15859,8460,166,17840,11880,7499,23559,20017,56594,40352,17421,6063,234969,43191,49602,14781,2009-11-01,5.22,5.66,5.6,10.68,8.91,11.63,2009-11-01,1284.95,1237.04,1391.79,1206.82,3.86,2009-11-01,9.1
8,2009-12-01,607313,6334,3093,130482,24890,6695,4063,2192,4802,4772,13276,11336,196,20247,14424,14114,25529,21855,58669,41263,18612,6447,242289,44540,52101,14645,2009-12-01,4.83,5.65,6.97,10.04,13.0,0.0,2009-12-01,1370.01,1284.99,1412.27,1284.99,6.62,2009-12-01,8.8
9,2010-01-01,601582,5286,2753,122013,23656,6516,3980,2250,4935,4811,14173,8775,265,18835,14584,14104,26635,23128,58749,41033,18822,5648,238840,40643,62312,14178,2010-01-01,4.0,4.65,5.33,9.86,0.0,0.0,2010-01-01,1419.42,1370.3,1491.36,1363.03,3.61,2010-01-01,8.02
10,2010-02-01,595048,3613,1091,133672,25816,6766,4200,3379,4967,5061,16680,7975,470,26378,14566,14122,27614,24081,59879,41044,19245,5504,230011,43858,49613,13421,2010-02-01,3.83,4.22,4.78,6.74,11.19,10.55,2010-02-01,1332.64,1419.42,1455.51,1294.24,-6.11,2010-02-01,7.18
11,2010-03-01,609184,4933,2410,130515,28201,7621,4200,3430,3688,5309,17158,8213,372,19586,14554,14152,28731,25093,61215,42946,19161,5153,239198,44874,52571,13834,2010-03-01,3.54,4.1,5.52,6.63,5.47,8.75,2010-03-01,1450.15,1332.97,1461.89,1332.97,8.82,2010-03-01,6.46
12,2010-04-01,623804,3983,1415,132229,28316,7846,4367,3354,3795,5804,14381,8642,375,16795,11550,14176,30973,27207,66710,44201,18294,4837,239632,48512,55892,13403,2010-04-01,3.28,3.52,4.65,8.0,4.6,0.0,2010-04-01,1436.04,1450.16,1539.63,1424.26,-0.97,2010-04-01,6.04
13,2010-05-01,656165,4452,1895,141115,28957,7747,4552,3499,4150,6177,14846,12602,369,17015,11784,14182,33098,29206,67306,44829,21063,7326,246165,50415,65202,13167,2010-05-01,2.75,3.36,4.93,4.01,0.0,0.0,2010-05-01,1332.62,1436.04,1448.67,1195.09,-7.2,2010-05-01,5.97
14,2010-06-01,675888,4356,1945,147063,32084,8623,4569,4260,4553,6383,14262,12838,475,17051,11759,14272,35888,31593,74742,51119,20916,7580,246609,52317,66532,13193,2010-06-01,2.55,3.13,4.57,5.48,6.19,8.3,2010-06-01,1309.31,1332.62,1407.91,1289.5,-1.75,2010-06-01,5.74
15,2010-07-01,675183,4065,1743,142828,29792,9076,4502,4378,3810,8038,12096,10132,478,19491,15091,14686,39696,35256,77457,52055,20799,7446,246811,51445,64672,12724,2010-07-01,2.62,3.29,4.08,4.81,4.85,8.0,2010-07-01,1397.12,1309.31,1425.01,1253.52,6.71,2010-07-01,5.46
16,2010-08-01,680442,3970,1759,142626,31006,10450,4706,4578,3006,6981,11795,9526,445,18134,15107,14696,40207,35401,80291,53319,21220,7519,250931,52625,61111,12765,2010-08-01,2.58,3.37,3.92,4.4,6.71,5.68,2010-08-01,1368.9,1397.15,1433.57,1328.18,-2.02,2010-08-01,6.04
17,2010-09-01,682424,3974,1772,142287,31822,10211,4365,4786,2956,6749,12444,10940,467,17819,15128,14749,41846,37718,77390,49874,21171,7550,256335,52534,59417,12721,2010-09-01,2.63,3.25,3.86,4.57,5.93,7.06,2010-09-01,1440.3,1368.93,1452.18,1364.59,5.22,2010-09-01,6.96
18,2010-10-01,685363,4048,1811,145432,32243,9935,4446,4990,3163,7654,13681,11855,563,17706,15154,14881,42436,38633,80814,52467,22006,7656,252255,53291,57824,12376,2010-10-01,2.69,3.16,5.07,4.16,5.46,5.78,2010-10-01,1523.39,1440.3,1538.43,1436.32,5.77,2010-10-01,7.5
19,2010-11-01,682215,4057,1874,147049,32992,9848,4275,5144,3465,8456,13566,11522,345,17358,15125,14844,45182,41333,81930,54108,21866,7792,244642,52914,57421,12310,2010-11-01,3.04,3.62,4.8,5.02,5.56,6.28,2010-11-01,1565.52,1523.4,1597.51,1515.13,2.77,2010-11-01,8.06
20,2010-12-01,664694,3985,1890,151890,34077,9828,4044,4277,3507,8673,13724,11597,354,22179,15063,15006,46022,41924,75206,49997,20716,6754,243837,51340,44909,11783,2010-12-01,2.89,3.85,4.18,4.97,7.05,7.12,2010-12-01,1687.99,1565.6,1701.7,1565.6,7.82,2010-12-01,8.78
21,2011-01-01,639486,3959,1908,151933,34432,10327,4025,4326,4407,11280,13256,14206,290,17559,15038,13432,44782,40624,66369,44196,20202,6696,239843,45297,41923,11746,2011-01-01,2.71,3.59,4.16,4.76,5.7,7.27,2011-01-01,1723.42,1688.0,1788.74,1687.36,2.1,2011-01-01,9.56
22,2011-02-01,643624,3925,1861,153773,37488,9530,4712,4269,4300,11569,13057,13986,281,18064,15252,13204,45785,41652,70528,47662,17772,4318,244132,47039,37957,9509,2011-02-01,2.81,3.16,4.5,5.51,5.43,6.99,2011-02-01,1777.84,1723.45,1780.36,1674.06,3.16,2011-02-01,9.47
23,2011-03-01,651173,4214,2204,156028,36034,9419,4766,4350,4433,12279,14167,18378,274,15143,12374,13221,47539,43169,70398,49713,17731,4207,246864,46825,38581,9772,2011-03-01,3.08,3.51,4.25,4.54,5.31,6.17,2011-03-01,1813.59,1777.84,1820.13,1681.08,2.01,2011-03-01,9.46
24,2011-04-01,638094,3570,1903,145445,35425,9499,4755,4612,3621,14274,12741,13099,253,14445,11951,13271,48190,44042,72609,53291,17740,4208,243286,48299,36808,8876,2011-04-01,3.22,3.78,4.48,4.68,5.24,7.76,2011-04-01,1741.84,1813.59,1865.25,1707.69,-3.96,2011-04-01,9.61
25,2011-05-01,652214,3502,1934,146125,36281,8890,4678,4259,3772,13675,12264,13190,401,15901,11958,13357,59284,54929,72409,53068,17988,4408,245454,47218,37948,8929,2011-05-01,3.73,4.21,4.78,4.55,4.75,6.61,2011-05-01,1666.3,1741.82,1747.21,1569.61,-4.34,2011-05-01,9.59
26,2011-06-01,673391,3599,2032,147076,36953,9154,4682,4224,3788,13804,12393,13480,728,15974,12012,13434,68049,62723,72902,53477,18221,4175,248031,47342,45463,9274,2011-06-01,3.71,4.1,4.82,4.79,4.79,6.96,2011-06-01,1666.59,1666.84,1704.54,1601.12,0.02,2011-06-01,9.42
27,2011-07-01,692378,3406,2057,151520,41586,8853,4568,4464,4337,14384,13588,14056,1324,13559,9483,13318,63379,58071,72380,51636,18299,4214,248782,49232,62852,9210,2011-07-01,3.85,4.27,4.81,4.9,4.74,6.14,2011-07-01,1705.18,1666.53,1748.3,1656.21,2.32,2011-07-01,9.01
28,2011-08-01,705705,3816,2003,154753,45032,9057,4828,4523,4261,14658,12019,16839,1377,12333,9076,13323,65401,60149,75048,55789,19352,4189,247503,50458,66983,9068,2011-08-01,3.94,4.74,4.72,5.28,4.96,6.13,2011-08-01,1546.05,1705.22,1741.72,1355.38,-9.33,2011-08-01,8.16
29,2011-09-01,732953,3967,2221,158617,44993,10114,5011,4821,4714,14955,12383,17784,1539,11416,8143,13201,68084,62516,74510,54501,19703,4164,249028,65249,71543,9051,2011-09-01,4.43,5.03,5.43,5.89,5.78,6.29,2011-09-01,1366.54,1546.05,1559.51,1279.23,-11.61,2011-09-01,7.21
30,2011-10-01,740361,4022,2264,159855,47096,11030,4993,4834,4676,15059,13541,16114,1563,10136,7037,13221,66310,60622,71938,52022,19543,4251,254420,65882,76367,8803,2011-10-01,4.93,5.84,6.06,6.97,7.63,7.59,2011-10-01,1498.6,1366.45,1552.16,1242.75,9.66,2011-10-01,7.19
31,2011-11-01,747229,4091,2262,161748,47975,10144,4674,4849,4383,14907,14463,16486,1650,10687,6960,13253,65677,59980,70920,51353,20723,4751,253949,67589,80563,8716,2011-11-01,5.05,5.93,6.41,7.02,7.53,8.43,2011-11-01,1499.62,1498.56,1535.88,1363.26,0.07,2011-11-01,6.78
32,2011-12-01,753756,4091,2259,164107,47701,10496,5072,4760,4394,15189,14009,16515,1650,10260,6904,13358,66165,58734,72235,51317,22151,4746,251591,66025,85358,8675,2011-12-01,5.41,6.17,6.91,7.76,7.98,8.68,2011-12-01,1402.23,1499.62,1523.86,1323.2,-6.49,2011-12-01,6.1
33,2012-01-01,733564,3971,2283,159986,47754,10257,5406,4798,4566,14423,13820,16529,1560,8312,4370,12997,61468,55575,71900,50888,20175,3298,247959,65007,81827,8274,2012-01-01,4.84,5.78,6.48,7.33,8.17,9.45,2012-01-01,1514.03,1402.25,1519.53,1401.21,7.97,2012-01-01,4.16
34,2012-02-01,755554,3797,1870,165844,52866,9893,7002,4792,4265,15095,14533,17583,2314,8240,3857,13068,63173,59108,73653,55733,21584,2956,248330,65529,91666,8910,2012-02-01,4.41,4.97,5.93,7.51,8.48,9.54,2012-02-01,1597.67,1514.02,1607.69,1504.16,5.52,2012-02-01,3.74
35,2012-03-01,776825,3838,1883,167819,54081,11279,7140,4791,4239,14982,14542,17085,1610,8197,4064,13106,72443,67028,74850,57034,21479,2943,251126,67387,95853,8924,2012-03-01,5.12,5.71,6.06,6.6,7.08,8.05,2012-03-01,1517.34,1597.67,1639.62,1486.93,-5.03,2012-03-01,3.7
36,2012-04-01,782954,4097,1985,167592,53399,11523,7975,4780,4311,14543,15378,17245,1609,6930,2775,13523,69894,64279,76359,58237,20976,2821,251198,70034,100353,8928,2012-04-01,5.34,5.71,6.54,7.53,7.51,9.15,2012-04-01,1473.5,1517.33,1556.5,1439.96,-2.89,2012-04-01,3.57
37,2012-05-01,807594,4223,1993,171989,56017,11707,8477,4875,4412,14781,15615,17396,1609,7129,2882,13618,74403,68979,76719,57962,21572,2845,257249,71399,107467,8955,2012-05-01,5.8,6.11,6.31,7.08,7.54,8.61,2012-05-01,1306.42,1473.5,1489.9,1241.62,-11.34,2012-05-01,3.61
38,2012-06-01,820188,4670,2204,175250,57418,10607,9023,4889,4479,14721,16227,17200,1594,8586,2992,13899,77360,71873,76791,57892,21737,2986,258345,69946,112022,10168,2012-06-01,5.77,6.44,6.77,7.24,8.93,8.83,2012-06-01,1387.52,1306.43,1397.33,1278.56,6.21,2012-06-01,4.3
39,2012-07-01,797011,4742,2141,174104,56059,10842,9444,4864,4460,14525,19052,16748,1591,7566,1562,14141,80746,73902,71881,53077,21992,2740,250503,65433,103596,9873,2012-07-01,5.61,6.23,6.69,7.32,8.08,8.74,2012-07-01,1407.02,1387.52,1458.33,1353.58,1.41,2012-07-01,5.59
40,2012-08-01,814168,5189,2603,184006,57417,10723,9839,11559,4919,14894,17871,16099,1567,10113,4117,14154,82750,76339,72309,53267,22095,2571,251946,65638,106326,9755,2012-08-01,5.33,6.02,6.52,7.09,7.77,8.93,2012-08-01,1422.91,1407.01,1470.72,1386.98,1.13,2012-08-01,5.95
41,2012-09-01,832268,5393,2854,189887,62057,11757,9847,11501,4484,14617,19346,16135,1571,10181,4172,14105,86517,79634,72582,53833,23363,2160,256328,67001,107467,9625,2012-09-01,5.53,5.89,6.22,6.85,8.27,7.9,2012-09-01,1458.26,1422.9,1541.68,1420.33,2.48,2012-09-01,6.58
42,2012-10-01,832005,5375,2912,194414,63532,12899,9315,11475,4492,12278,21499,16045,1567,13474,7147,13852,86764,79855,71746,53297,22453,2003,249749,68919,109253,9480,2012-10-01,6.1,6.59,6.83,7.5,7.86,9.1,2012-10-01,1425.7,1458.3,1492.01,1419.66,-2.23,2012-10-01,6.55
43,2012-11-01,849673,5388,3009,197428,66351,13704,9608,11469,4495,12924,20735,16242,1592,13240,7186,13910,93452,86193,70693,53331,25907,1925,251534,69996,111605,9760,2012-11-01,6.12,6.63,6.75,7.0,7.57,10.25,2012-11-01,1405.97,1425.71,1453.47,1360.07,-1.38,2012-11-01,6.47
44,2012-12-01,850579,5524,3036,199903,67910,13813,9946,11517,4485,12936,18996,16904,1798,14821,7160,13989,93373,86227,70828,52600,26105,2057,251091,70223,110202,9341,2012-12-01,6.17,6.56,6.93,7.56,8.35,9.34,2012-12-01,1474.72,1405.97,1490.51,1403.7,4.89,2012-12-01,6.58
45,2013-01-01,819856,6345,3001,194445,66328,12898,9575,10420,4300,10831,18444,16548,1814,14671,7009,13941,89039,82107,68241,51882,22347,944,238670,71729,106616,8483,2013-01-01,5.42,5.91,6.57,7.41,7.76,8.74,2013-01-01,1546.76,1474.73,1566.42,1474.73,4.88,2013-01-01,7.07
46,2013-02-01,834737,8096,4430,199365,69409,12632,7957,10614,5340,11039,18742,16637,1764,14902,7150,14700,92518,85698,70739,54900,22913,1027,242143,67225,108106,8932,2013-02-01,5.66,6.07,6.34,7.65,7.86,7.25,2013-02-01,1486.04,1546.52,1555.82,1481.11,-3.93,2013-02-01,7.28
47,2013-03-01,839312,7309,4466,195970,69385,14579,7997,10780,5312,11001,16343,13181,1772,15025,7162,15879,94781,88073,72293,55715,23746,1014,244854,69245,106292,8943,2013-03-01,6.03,6.46,7.09,7.31,7.96,8.04,2013-03-01,1438.57,1486.06,1516.49,1407.23,-3.19,2013-03-01,7.02
48,2013-04-01,842084,7963,5101,196740,69138,16629,8127,10365,4363,10755,16700,13261,1766,15119,7232,18365,94730,88804,69825,53325,23982,975,242633,71840,106960,9046,2013-04-01,6.22,6.55,6.56,7.71,8.21,9.35,2013-04-01,1385.88,1438.84,1442.7,1320.76,-3.66,2013-04-01,7.23
49,2013-05-01,855581,7949,5092,201245,69821,17452,9025,10360,5859,10987,17036,13393,1807,15249,7300,18297,96622,90481,73379,55827,23917,1066,243919,73572,107113,9568,2013-05-01,6.37,6.74,7.08,7.34,8.07,7.1,2013-05-01,1350.17,1385.88,1453.58,1340.53,-2.58,2013-05-01,7.38
50,2013-06-01,863799,7992,4982,204430,72215,17275,9564,10421,5945,11220,17548,13393,1857,16159,8107,18284,98458,92407,74887,56230,24406,1165,245476,72904,107274,9688,2013-06-01,6.3,6.63,7.02,8.06,7.9,7.82,2013-06-01,1330.46,1350.17,1358.03,1271.48,-1.46,2013-06-01,6.88
51,2013-07-01,833997,7415,4714,192027,66687,15475,9278,9976,5935,11544,15625,12100,1751,15599,8038,18318,88046,83571,76444,57933,24284,949,237719,76879,103718,9147,2013-07-01,6.08,6.56,6.92,7.34,7.9,8.06,2013-07-01,1375.79,1330.46,1439.6,1319.97,3.41,2013-07-01,6.45
52,2013-08-01,855970,7418,4676,194245,66830,15593,9598,9767,6057,12142,15808,12156,1846,15725,8179,22998,92027,87062,79165,61584,24575,888,243876,78233,103890,9543,2013-08-01,6.11,6.42,7.3,7.27,7.83,7.41,2013-08-01,1364.65,1376.31,1425.03,1353.73,-0.81,2013-08-01,6.49
53,2013-09-01,850252,7305,4543,188857,63100,16209,9603,9750,6140,12610,14585,12223,1873,13405,7982,23431,96395,90770,78220,60891,24891,919,244821,71494,105284,9554,2013-09-01,6.25,6.55,6.56,8.1,7.71,7.54,2013-09-01,1462.82,1364.75,1501.32,1364.27,7.19,2013-09-01,6.13
54,2013-10-01,855971,7484,4643,189577,63415,15855,11871,9792,6194,12597,14657,12484,1904,12770,8034,23251,97309,93076,79305,61280,25442,974,244651,72355,107309,9288,2013-10-01,6.06,6.48,6.81,7.19,7.35,9.66,2013-10-01,1510.21,1462.82,1538.74,1449.77,3.24,2013-10-01,6.25
55,2013-11-01,880157,7486,4395,196190,63342,16474,11550,9729,6220,12856,20641,12560,1889,12723,8011,24573,99546,94645,79932,61791,24563,967,250941,74714,112678,9534,2013-11-01,6.2,6.54,7.13,7.17,7.45,8.02,2013-11-01,1479.35,1509.58,1521.02,1464.61,-2.04,2013-11-01,6.48
56,2013-12-01,883538,7689,4736,200664,68596,16283,11843,9295,6272,11238,20835,12592,1960,13646,9066,26772,99943,95020,84102,62662,24882,973,244654,75675,110162,8995,2013-12-01,6.4,6.55,6.89,7.73,8.61,8.57,2013-12-01,1504.08,1479.32,1510.82,1425.32,1.67,2013-12-01,6.45
57,2014-01-01,861362,6370,3955,195212,62382,15278,11244,11410,4438,12816,24699,12258,1865,12487,8927,29544,89880,84582,83438,61736,24508,860,245075,74832,103958,8545,2014-01-01,6.06,6.73,7.02,7.14,7.61,8.12,2014-01-01,1454.45,1504.14,1511.69,1444.45,-3.3,2014-01-01,6.05
58,2014-02-01,871268,6956,4138,193193,57604,15654,11153,11485,4345,13371,25394,12506,1868,12698,9071,30548,95676,90933,84937,59798,24157,889,229266,90237,105007,11291,2014-02-01,5.99,6.45,7.12,7.41,7.99,7.59,2014-02-01,1444.71,1453.55,1518.12,1426.29,-0.67,2014-02-01,6.2
59,2014-03-01,895281,6245,3740,199510,59736,15227,11628,11592,5052,14577,25650,13493,2313,13303,9584,30558,101214,96244,87002,60514,25676,865,237219,90694,107787,9376,2014-03-01,7.85,8.24,8.49,8.59,8.44,9.36,2014-03-01,1369.29,1438.02,1438.02,1182.89,-5.22,2014-03-01,6.92
60,2014-04-01,913982,5451,2948,200213,58251,16074,11363,10604,5157,15300,26177,13563,2285,14307,10548,31810,98232,93359,114306,86206,26735,1246,235995,85493,106197,9550,2014-04-01,7.87,8.5,8.67,10.1,9.53,9.11,2014-04-01,1306.01,1369.32,1388.0,1260.43,-4.62,2014-04-01,7.33
61,2014-05-01,943249,5250,2807,212700,69577,14720,11430,10843,5228,15582,26583,14362,2398,14354,10517,31855,109787,105140,121771,91322,28135,1246,244148,76161,102995,10447,2014-05-01,8.21,8.65,9.11,9.64,10.32,8.67,2014-05-01,1432.03,1304.93,1456.66,1289.8,9.65,2014-05-01,7.59
62,2014-06-01,963954,6495,2837,219268,70921,14873,11583,10768,5425,17640,28830,15259,2593,14363,10496,31882,115366,110819,123688,92193,30021,1249,252889,71403,102700,10242,2014-06-01,8.23,8.58,9.1,9.63,10.43,4.05,2014-06-01,1476.38,1432.67,1519.04,1432.67,3.1,2014-06-01,7.8
63,2014-07-01,964015,6560,2711,216218,66801,14728,12018,10785,5194,18845,29467,14765,1918,14354,10413,19893,103903,97950,128615,94842,29236,1298,255333,96658,96337,11262,2014-07-01,8.17,8.83,8.94,9.91,10.12,9.54,2014-07-01,1379.61,1476.28,1531.99,1356.64,-6.55,2014-07-01,7.45
64,2014-08-01,1004160,6606,2694,222611,69718,15050,12457,10843,6299,19768,29636,14925,2021,14237,10376,20077,115424,109419,153969,120973,32539,4035,265137,74941,101262,11594,2014-08-01,7.88,8.35,9.24,10.45,9.38,10.82,2014-08-01,1400.71,1378.03,1469.4,1306.87,1.53,2014-08-01,7.56
65,2014-09-01,1019142,6927,2844,222478,71547,15130,12546,10838,6530,18290,29752,15135,2025,14163,9979,16223,121687,114980,160912,127316,33178,3840,265884,77099,102758,11996,2014-09-01,7.95,8.42,8.96,10.19,10.73,11.22,2014-09-01,1411.07,1401.34,1483.6,1386.41,0.74,2014-09-01,8.03
66,2014-10-01,999961,8885,4657,206138,68200,11323,8250,8338,5793,13836,30389,15070,1883,16931,9984,16114,112981,106596,160932,127272,33900,4299,258130,78621,112225,12035,2014-10-01,8.24,8.61,9.18,10.56,11.79,11.42,2014-10-01,1488.47,1410.33,1488.47,1354.7,5.49,2014-10-01,8.3
67,2014-11-01,1010562,9067,4566,208349,70494,11177,8765,7731,6080,13715,30699,15135,1899,17199,10033,8882,116454,110046,166208,129781,34878,3921,260748,79053,114816,12107,2014-11-01,10.21,10.51,10.94,11.49,12.29,13.32,2014-11-01,1533.68,1488.15,1548.12,1471.29,3.04,2014-11-01,9.07
68,2014-12-01,1030497,12813,8308,206475,70944,11239,9618,7000,6151,13659,32629,14608,1902,16960,9977,8337,118366,112287,169588,131563,39569,7781,262924,82886,116985,12554,2014-12-01,15.47,16.73,16.68,16.87,15.22,16.95,2014-12-01,1396.61,1532.89,1623.0,1309.82,-8.94,2014-12-01,11.36
69,2015-01-01,1128325,28894,23174,205229,64379,16565,9237,6858,5268,13461,31360,14321,1903,19527,10156,7270,113511,108052,208028,165621,37858,9794,253191,99015,162451,12878,2015-01-01,16.96,17.44,19.97,21.91,15.98,0.0,2015-01-01,1647.69,1394.66,1706.29,1390.62,17.98,2015-01-01,14.97
70,2015-02-01,1215434,29464,23229,214917,69599,17321,9953,6807,5347,14089,32027,14501,1927,19038,10201,7387,127437,120922,225013,160113,42055,11095,277766,103895,173354,14146,2015-02-01,15.12,16.06,15.83,17.48,0.0,0.0,2015-02-01,1758.97,1647.74,1848.13,1616.32,6.75,2015-02-01,16.71
71,2015-03-01,1261646,29276,22974,215494,72461,17189,10927,6690,5829,14822,31921,15199,1921,12369,3256,7303,131014,124512,233999,168729,44572,11977,300363,108947,175519,15158,2015-03-01,14.9,15.51,15.96,15.81,0.0,0.0,2015-03-01,1626.18,1759.25,1825.74,1569.69,-7.55,2015-03-01,16.93
72,2015-04-01,1322291,29950,23507,220985,71573,17301,11236,7235,5435,15387,33960,17304,2006,13036,3349,7523,127635,120855,243299,177591,43681,10305,319996,115588,197840,15793,2015-04-01,14.36,14.78,14.79,15.25,14.95,0.0,2015-04-01,1688.34,1625.21,1712.87,1613.83,3.82,2015-04-01,16.42
73,2015-05-01,1416907,30706,23702,240918,75691,17440,12207,6914,5657,16354,34959,23192,2009,15538,4175,7340,133615,126657,256692,194141,50156,10888,339768,136188,205669,15853,2015-05-01,12.83,12.98,13.4,13.48,0.0,0.0,2015-05-01,1609.19,1689.55,1734.33,1609.19,-4.69,2015-05-01,15.78
74,2015-06-01,1469750,30647,23518,250024,77254,17567,12647,8258,5954,16959,35679,23255,2023,16354,4515,7567,140969,133252,268669,202484,54069,13189,359459,141083,201178,16086,2015-06-01,12.5,12.62,12.87,13.46,0.0,11.59,2015-06-01,1654.55,1610.07,1679.41,1610.07,2.82,2015-06-01,15.29
75,2015-07-01,1540239,30592,23756,254828,74613,17412,12797,8676,6200,19351,39753,23224,2021,17128,5022,9708,138958,130644,306365,239144,56845,13195,371876,150900,204307,15859,2015-07-01,11.52,12.19,12.32,13.35,0.0,12.89,2015-07-01,1669.0,1654.57,1669.0,1570.46,0.87,2015-07-01,15.64
76,2015-08-01,1603873,29572,23520,258876,78826,18358,11678,6814,6713,20575,39373,23248,2022,16793,5131,11969,137681,128975,324818,256394,57920,16736,392160,166650,208353,15873,2015-08-01,10.86,11.39,11.36,13.89,0.0,0.0,2015-08-01,1733.17,1668.13,1733.17,1603.72,3.84,2015-08-01,15.77
77,2015-09-01,1608194,29203,23465,258765,80378,18212,11225,7210,7236,19496,39119,23179,2022,18318,6374,12062,138981,129398,320614,257353,60847,20897,397996,162207,211179,16340,2015-09-01,11.15,11.61,11.71,12.52,11.27,0.0,2015-09-01,1642.97,1705.81,1740.22,1606.83,-5.2,2015-09-01,15.68
78,2015-10-01,1586439,28677,23661,249254,80978,10622,10664,7343,6874,21765,38492,21945,1907,18257,6380,11633,131344,122170,321012,256760,63762,24322,389086,158699,217433,15539,2015-10-01,11.14,11.44,11.59,13.84,0.0,0.0,2015-10-01,1711.53,1644.52,1746.67,1603.48,4.17,2015-10-01,15.59
79,2015-11-01,1586140,17207,12066,268120,83108,11210,10047,9673,9189,22065,43076,24799,1915,18470,7011,11857,137466,128157,324892,259553,69808,30732,406112,162094,172898,15686,2015-11-01,11.43,11.72,11.72,13.29,11.08,0.0,2015-11-01,1771.05,1710.9,1873.53,1701.25,3.48,2015-11-01,14.98
80,2015-12-01,1634251,17145,12038,272459,78309,9849,14204,10397,9189,21877,44599,27279,1884,18893,6880,21658,142912,131120,330965,264961,72725,33012,410207,160752,189929,15497,2015-12-01,11.07,11.78,11.42,12.8,0.0,0.0,2015-12-01,1761.36,1771.05,1798.81,1698.93,-0.55,2015-12-01,12.91
81,2016-01-01,1676510,17104,11986,268076,72185,9509,14278,10454,9639,20671,46017,25581,1890,18382,6615,22680,140173,125597,357341,295080,80497,38131,402400,168549,204909,14781,2016-01-01,11.02,11.69,11.65,12.68,0.0,0.0,2016-01-01,1784.92,1761.42,1788.08,1583.04,1.34,2016-01-01,9.77
82,2016-02-01,1724161,16584,12016,274163,73000,9708,14274,10466,11713,21223,46267,26236,1882,18077,6633,21678,144304,129479,357373,297434,94469,49583,426200,158100,216420,14871,2016-02-01,10.84,11.08,11.72,12.75,0.0,0.0,2016-02-01,1840.17,1785.01,1841.56,1688.13,3.1,2016-02-01,8.06
83,2016-03-01,1787832,16623,12122,282396,80269,9702,16428,10338,9063,22913,42220,26712,1896,19912,7916,21496,148127,134223,399419,337464,97527,55065,437571,148547,220893,15234,2016-03-01,10.94,11.34,11.4,12.34,0.0,0.0,2016-03-01,1871.15,1841.43,1923.5,1825.99,1.68,2016-03-01,7.26
84,2016-04-01,1758010,17493,13026,274038,71834,9305,16351,10307,9170,23566,42328,26007,1891,20535,7860,22126,149419,135012,363267,299143,109213,64925,438207,151415,217636,15196,2016-04-01,10.73,10.9,11.46,12.15,11.21,10.65,2016-04-01,1953.05,1860.53,1976.69,1833.61,4.38,2016-04-01,7.24
85,2016-05-01,1790011,13215,9788,282336,73168,10664,16507,10013,9968,23872,42895,30223,1891,19789,7787,22013,153054,138535,365682,304113,114613,71425,441698,155632,226511,15257,2016-05-01,11.06,11.08,11.87,12.67,0.0,10.68,2016-05-01,1899.01,1932.92,1957.18,1861.64,-2.77,2016-05-01,7.3
86,2016-06-01,1798480,14133,9914,283259,73417,11126,16561,9950,9976,24066,43511,29536,1891,19930,7852,21966,150793,138688,369772,294338,112972,70150,449167,144934,235893,15591,2016-06-01,10.64,10.84,11.34,11.72,0.0,0.0,2016-06-01,1891.09,1899.14,1960.75,1841.73,-0.42,2016-06-01,7.48
87,2016-07-01,1797555,14864,9599,275671,72067,10696,16310,6750,9948,24905,38289,29230,1893,19452,7878,21718,143856,131803,369730,303808,108541,65893,447776,162281,237764,15354,2016-07-01,10.38,10.8,11.09,10.79,11.25,0.0,2016-07-01,1944.62,1891.03,1959.86,1860.55,2.83,2016-07-01,7.21
88,2016-08-01,1822991,15104,9947,280786,74433,11445,16347,6688,10095,24465,38724,29944,1887,20079,7911,21749,146024,133612,370220,303959,107889,65180,462782,163612,239267,15558,2016-08-01,10.34,10.6,11.34,11.46,0.0,0.0,2016-08-01,1971.59,1950.49,1999.14,1902.74,1.39,2016-08-01,6.84
89,2016-09-01,1890348,15530,9924,279127,70732,11243,15914,6710,10020,24524,39881,29144,1888,19683,7985,21257,146458,133676,421396,352494,105067,63063,464645,178165,243560,15141,2016-09-01,10.24,10.36,10.25,10.7,10.3,9.8,2016-09-01,1978.0,1976.26,2063.13,1967.31,0.33,2016-09-01,6.42
90,2016-10-01,1863945,15940,10336,263744,69964,10416,15868,6918,10002,19939,38640,20688,1890,18560,7808,21231,143894,131143,394642,319912,102589,59697,465177,194078,248039,14611,2016-10-01,10.32,10.55,10.48,11.09,9.66,10.61,2016-10-01,1989.64,1981.02,2006.66,1946.78,0.59,2016-10-01,6.09
91,2016-11-01,1864322,16020,10441,263274,70123,10667,15848,6932,10128,18355,39403,21150,1890,17161,8149,21417,142956,130039,381364,306709,97973,55976,472387,206256,248068,14609,2016-11-01,10.02,10.17,10.21,10.43,0.0,0.0,2016-11-01,2104.91,1991.7,2116.38,1939.66,5.79,2016-11-01,5.76
92,2016-12-01,1846295,12229,7093,261201,69783,11079,16088,7073,10463,18748,36407,20064,1890,17132,8204,21037,144684,131767,379637,305606,97888,55979,474119,206342,234674,14484,2016-12-01,10.16,10.11,10.44,10.45,0.0,10.71,2016-12-01,2232.72,2110.69,2258.1,2110.69,6.07,2016-12-01,5.38
93,2017-01-01,1749321,13232,6922,252681,65453,10989,14544,10487,9754,18067,37163,18069,1727,14282,5574,22167,145064,131962,342039,284664,89985,48505,460467,199096,210988,13602,2017-01-01,10.11,10.2,10.23,10.32,0.0,0.0,2017-01-01,2217.39,2231.52,2293.99,2136.35,-0.69,2017-01-01,5.02
94,2017-02-01,1816619,26005,7269,259169,73269,11282,8470,10757,8995,15701,37489,30061,1754,12710,5478,22734,145708,133571,370107,308798,92236,49290,461313,201441,223898,14006,2017-02-01,10.14,10.24,10.23,10.82,0.0,0.0,2017-02-01,2035.77,2219.19,2236.8,2027.05,-8.19,2017-02-01,4.59
95,2017-03-01,1834579,27042,7579,248236,67274,9324,8496,10586,8615,16316,38951,26130,1709,12556,5221,22763,148988,136446,383142,320407,91575,49127,469314,210879,218742,13897,2017-03-01,9.9,9.97,10.2,10.58,9.55,10.46,2017-03-01,1995.9,2034.28,2076.71,1965.23,-1.96,2017-03-01,4.25
96,2017-04-01,1814807,24879,5992,242055,66808,9681,8601,10162,8558,16333,37265,21984,1711,12504,5495,24363,145954,133336,382027,321151,90458,48638,458963,216710,215863,13533,2017-04-01,9.58,9.73,9.89,10.51,0.0,10.32,2017-04-01,2016.71,1998.55,2058.11,1900.72,1.04,2017-04-01,4.13
97,2017-05-01,1849958,26211,5685,255567,69218,9539,8637,9938,8731,21899,39727,24618,1733,12681,5574,22653,146583,133821,395876,334947,90671,48560,456594,217723,224195,13883,2017-05-01,9.13,9.09,9.29,8.17,0.0,0.0,2017-05-01,1900.38,2022.19,2044.24,1893.39,-5.77,2017-05-01,4.09
98,2017-06-01,1849906,26418,5690,265589,71740,10276,8547,9986,9646,24798,46123,24536,1735,11928,5550,15402,147976,135178,378615,317443,91069,48773,457289,222217,231189,14143,2017-06-01,9.11,8.94,9.26,8.75,0.0,0.0,2017-06-01,1879.5,1900.89,1904.82,1774.56,-1.1,2017-06-01,4.35
99,2017-07-01,1827947,36198,15876,258701,71357,9934,8277,9657,9856,25618,45712,20299,335,11739,5412,14815,148212,135482,363720,309720,86513,47507,450829,225299,230060,13600,2017-07-01,8.95,9.03,8.92,8.72,0.0,0.0,2017-07-01,1919.53,1886.72,1972.49,1881.98,2.13,2017-07-01,3.86
100,2017-08-01,1852769,33233,15134,259325,73064,9967,8318,9716,9873,26277,39270,22704,336,11518,5871,14813,150648,137855,359831,306844,84112,47508,461174,242385,233825,13424,2017-08-01,8.54,8.77,8.68,8.79,0.0,8.76,2017-08-01,2022.22,1924.77,2030.86,1921.34,5.35,2017-08-01,3.29
101,2017-09-01,1850311,33455,15148,264818,72583,10064,8069,9256,11203,29409,39358,24411,333,13859,8365,15027,150673,138045,353969,297822,85104,47625,458744,244684,230435,13401,2017-09-01,8.37,8.49,8.67,8.67,8.49,0.0,2017-09-01,2077.19,2021.93,2086.65,1992.68,2.72,2017-09-01,2.96
102,2017-10-01,1851984,33474,15140,263312,71054,9991,8185,9079,11547,33511,40764,21252,555,13867,8365,15115,147509,134422,370328,308387,74779,40863,458097,244861,231085,13425,2017-10-01,8.04,8.28,8.49,8.28,7.95,0.0,2017-10-01,2064.31,2077.16,2106.49,2038.26,-0.62,2017-10-01,2.73
103,2017-11-01,1844744,33475,15125,268645,77983,11048,8163,9132,11394,36556,40952,16930,337,13652,8366,14863,144029,130912,263768,204225,75531,41453,460124,346715,224091,13503,2017-11-01,8.01,8.07,8.09,8.32,8.78,8.53,2017-11-01,2100.62,2070.68,2191.71,2065.69,1.76,2017-11-01,2.5
104,2017-12-01,1802896,23368,5114,263591,75149,11289,8115,8994,9261,38296,41157,16532,336,13553,8364,19268,144483,131372,263941,204067,66295,31981,441570,341328,225869,13185,2017-12-01,7.73,7.68,7.75,7.52,7.9,8.05,2017-12-01,2109.74,2102.54,2160.75,2082.29,0.43,2017-12-01,2.52
105,2018-01-01,1803848,23688,5084,277908,79333,10568,7276,8937,12085,35663,53966,16486,337,13431,8205,19278,149048,136218,267510,206080,65085,31976,448256,320652,219538,12885,2018-01-01,7.09,7.11,7.68,7.2,0.0,8.36,2018-01-01,2289.99,2111.24,2328.48,2111.24,8.54,2018-01-01,2.21
106,2018-02-01,1911542,23549,5088,293212,83994,11569,7049,9724,12140,37179,56738,19419,313,14330,9106,21690,150515,139469,289732,222542,65026,32544,456651,389511,208771,12883,2018-02-01,7.15,7.02,7.25,7.07,0.0,0.0,2018-02-01,2296.8,2292.22,2376.96,2181.96,0.3,2018-02-01,2.2
107,2018-03-01,1931162,23639,5163,290060,85138,12402,6952,8936,12310,37503,52948,19658,607,13352,8061,20579,158539,147468,294030,227464,62379,32172,465623,380045,223537,12731,2018-03-01,7.15,7.03,6.94,7.07,6.67,7.68,2018-03-01,2270.98,2286.41,2326.41,2240.85,-1.12,2018-03-01,2.36
108,2018-04-01,1930410,23553,5116,285744,84344,13092,6904,9046,13143,38194,48985,18407,605,13373,8060,20773,157730,146641,285778,218755,64299,31938,477537,339428,262786,12780,2018-04-01,7.0,6.75,6.93,7.22,0.0,0.0,2018-04-01,2307.02,2271.91,2322.38,2065.32,1.59,2018-04-01,2.41
109,2018-05-01,1965131,23521,5108,300754,81935,14430,6817,9052,12878,54301,48352,18595,627,13852,5564,19893,160989,149892,285428,217521,70319,37009,487329,341880,262252,12767,2018-05-01,6.95,6.94,6.94,6.99,0.0,0.0,2018-05-01,2302.88,2304.28,2358.59,2274.07,-0.18,2018-05-01,2.42
110,2018-06-01,1931867,23911,5156,297899,79575,13585,6707,9061,12744,53338,49127,19864,597,13638,5334,19476,156419,145320,280027,213818,53150,20174,484436,335633,266415,14502,2018-06-01,7.02,7.12,6.98,7.18,0.0,0.0,2018-06-01,2295.95,2297.13,2329.03,2192.63,-0.3,2018-06-01,2.3
111,2018-07-01,1909718,23017,4410,299095,80971,13788,6730,11085,15548,51144,45445,19562,597,13538,5259,20631,156962,145910,280474,211713,53591,20184,478711,329097,255172,12968,2018-07-01,7.09,7.05,7.06,7.1,0.0,7.16,2018-07-01,2321.11,2294.1,2379.33,2239.77,1.1,2018-07-01,2.5
112,2018-08-01,1938821,23350,4909,316865,94797,15028,7125,9759,15773,50966,45861,21821,597,13251,5259,20707,158050,146994,304115,235869,53455,20179,477665,332069,239611,12934,2018-08-01,7.03,7.11,6.87,7.6,0.0,0.0,2018-08-01,2345.85,2317.83,2359.58,2240.71,1.07,2018-08-01,3.07
113,2018-09-01,1970915,28778,10163,322882,96839,14887,7086,9711,16914,51861,47141,21425,598,13238,5258,21383,167437,156409,289513,220431,53312,20168,482757,338494,253538,12820,2018-09-01,7.15,7.17,6.77,8.2,0.0,8.23,2018-09-01,2475.36,2344.3,2476.86,2305.27,5.52,2018-09-01,3.39
114,2018-10-01,1973028,28396,9825,333883,110716,14773,6711,9834,18272,53184,44862,17959,318,12780,5259,21238,165714,154795,286452,219986,51408,19973,474819,341783,256361,12973,2018-10-01,7.27,7.3,7.4,8.1,8.42,8.69,2018-10-01,2352.71,2481.45,2501.78,2275.58,-4.95,2018-10-01,3.55
115,2018-11-01,1965442,33909,15361,344949,114885,14856,6700,9909,18321,59755,45104,18103,318,12784,5267,20900,165317,154433,289851,224176,42907,13358,469843,324923,259798,13046,2018-11-01,7.25,7.35,7.26,8.26,0.0,0.0,2018-11-01,2392.5,2352.94,2454.84,2284.3,1.69,2018-11-01,3.83
116,2018-12-01,1961154,29648,11078,347448,114095,14991,7220,10025,18708,60587,45280,20471,318,12868,5292,20345,163539,152671,285625,219044,42709,13366,466778,329041,263139,12883,2018-12-01,7.49,7.53,7.64,8.72,0.0,0.0,2018-12-01,2369.33,2405.18,2449.92,2258.27,-0.97,2018-12-01,4.27
117,2019-01-01,1899307,23235,4805,331550,101334,15614,7360,9768,14713,60278,45091,18414,320,12837,5210,20213,157914,148758,287294,221789,38232,10313,448945,322240,257081,12603,2019-01-01,7.65,7.69,7.23,8.73,0.0,0.0,2019-01-01,2521.1,2370.56,2536.28,2350.41,6.41,2019-01-01,5.0
118,2019-02-01,1979127,73835,61702,467866,69600,7085,12759,87397,27453,26680,64691,38705,695,91396,15730,93762,132714,131596,81772,72301,136232,8829,283219,298021,390621,21078,2019-02-01,7.59,7.6,7.3,8.49,8.65,0.0,2019-02-01,2485.27,2520.08,2551.97,2448.41,-1.42,2019-02-01,5.24
119,2019-03-01,1991172,74885,62507,472111,70110,7118,13321,87050,27411,28026,64746,39255,789,92554,16251,92901,134374,132243,83631,74369,138849,8771,282970,301185,387695,22566,2019-03-01,7.68,7.61,7.08,8.39,0.0,8.02,2019-03-01,2497.1,2487.44,2520.02,2452.09,0.48,2019-03-01,5.27
120,2019-04-01,2016113,75900,62929,472157,71114,7269,14109,86625,27411,28369,65794,38752,957,90404,14245,90829,138531,136402,85271,75881,141666,8783,288282,302818,397178,23476,2019-04-01,7.75,7.52,7.14,8.38,0.0,0.0,2019-04-01,2559.32,2498.73,2599.58,2498.73,2.49,2019-04-01,5.17
121,2019-05-01,2033335,77862,64719,484296,72859,7321,14351,86139,28494,28514,70523,37631,1072,90376,17117,90955,141753,139599,87004,77418,139916,8775,288268,304466,394730,24081,2019-05-01,7.72,7.55,7.52,8.32,7.73,0.0,2019-05-01,2665.33,2558.81,2665.42,2506.47,4.14,2019-05-01,5.13
122,2019-06-01,2039481,77969,64976,482922,71282,7227,14435,84405,28616,28405,70410,38481,961,91052,17184,91066,144026,141925,88195,78502,138274,8514,287744,305960,400112,23209,2019-06-01,7.58,7.54,7.22,7.99,8.83,7.45,2019-06-01,2765.85,2660.64,2790.59,2649.78,3.77,2019-06-01,4.66
123,2019-07-01,2051936,77816,64934,481924,70639,7263,14469,84089,28800,28118,71652,38665,736,88830,14515,92548,146290,144163,89979,80042,138798,8660,287379,307454,407405,22339,2019-07-01,7.32,7.36,7.41,7.68,0.0,0.0,2019-07-01,2739.5,2777.08,2848.4,2665.21,-0.95,2019-07-01,4.59
124,2019-08-01,2065341,76926,64480,485392,70067,7195,14737,83835,29832,27949,73948,39609,664,87936,14398,93557,148437,146350,92571,82507,138102,8486,285956,310782,411916,21698,2019-08-01,7.13,6.92,7.07,7.34,0.0,0.0,2019-08-01,2740.04,2727.68,2740.04,2615.2,0.02,2019-08-01,4.33
125,2019-09-01,2085419,76035,64257,490743,71028,7065,14857,87480,29948,27465,72456,40117,637,89445,15034,95693,148714,146639,94767,84520,138328,8332,286440,317890,415212,21592,2019-09-01,6.86,6.87,7.13,6.96,0.0,0.0,2019-09-01,2747.18,2742.3,2847.01,2735.11,0.26,2019-09-01,3.99
126,2019-10-01,2096679,76007,64585,496399,74163,7073,15044,88103,30007,27379,71459,41092,627,90735,14388,95454,149727,147636,96573,85913,140894,8402,284382,319618,415567,22054,2019-10-01,6.79,6.74,6.86,6.89,0.0,0.0,2019-10-01,2893.98,2749.83,2936.26,2686.15,5.34,2019-10-01,3.77
127,2019-11-01,2112810,77915,66258,495175,76017,7157,15794,80584,30532,27058,76082,42101,615,91022,13485,95494,147375,145270,97374,86716,141230,8925,291508,324976,419389,22369,2019-11-01,6.46,6.51,6.51,6.74,0.0,0.0,2019-11-01,2935.37,2895.47,3009.11,2886.59,1.43,2019-11-01,3.54
128,2019-12-01,2128683,77316,65280,485168,77031,7283,17232,74717,30063,24736,69917,43455,651,91455,13443,96357,152066,149939,98545,88207,139779,8781,291246,329889,435638,22675,2019-12-01,6.15,6.25,6.28,6.35,6.56,7.16,2019-12-01,3045.87,2937.69,3060.2,2875.5,3.76,2019-12-01,3.05
129,2020-01-01,2122026,77740,65533,475729,76306,7301,17371,79053,30069,23803,69114,39151,663,86119,13172,98843,153500,151355,93745,83289,140963,9077,273030,333164,452260,23046,2020-01-01,6.04,5.96,6.1,0.0,0.0,0.0,2020-01-01,3076.65,3059.2,3226.89,3057.36,1.01,2020-01-01,2.42
130,2020-02-01,2123952,85587,72286,472939,70874,6629,17055,74833,31720,26602,69317,36906,820,90273,13807,97159,160648,158104,85834,76345,123443,8930,271362,336938,467035,23003,2020-02-01,5.94,5.84,6.0,6.07,0.0,0.0,2020-02-01,2785.08,3062.27,3145.15,2744.18,-9.48,2020-02-01,2.31
131,2020-03-01,2124403,86347,73134,460079,71216,6646,16732,62093,31875,26837,69821,36819,961,89564,13349,102841,161873,159317,87301,77659,129259,8535,269312,335574,469246,22567,2020-03-01,5.79,5.86,5.99,6.72,4.38,6.77,2020-03-01,2508.81,2829.47,2875.3,2073.87,-9.92,2020-03-01,2.55
132,2020-04-01,2202457,87203,73383,481344,72070,6867,15374,71851,33695,27086,71337,37720,973,95992,16272,101987,165099,162532,92434,82282,136891,11085,281454,340551,493294,22197,2020-04-01,5.99,5.85,5.88,0.0,0.0,6.6,2020-04-01,2650.56,2465.56,2713.5,2431.98,5.65,2020-04-01,3.1
133,2020-05-01,2244222,84551,69868,494845,72951,6815,15505,74842,35081,27457,77811,37786,963,96479,16506,104689,166339,163791,94282,83882,142432,11983,281466,355247,497812,22555,2020-05-01,5.47,5.46,5.59,0.0,0.0,0.0,2020-05-01,2734.83,2623.89,2796.85,2564.44,3.18,2020-05-01,3.03
134,2020-06-01,2232238,82841,67921,497284,72877,6872,16633,75974,35232,27236,77576,37500,835,97128,16831,106393,167483,164945,94664,84061,143891,11627,275280,356308,488860,19230,2020-06-01,4.99,4.86,4.7,4.46,0.0,5.31,2020-06-01,2743.2,2761.23,2835.06,2670.41,0.31,2020-06-01,3.21
135,2020-07-01,2244919,82006,67434,496752,70982,6906,16032,80570,33124,26497,78372,37031,784,97878,17724,105236,170224,167693,98067,87427,147773,11451,270868,357767,496860,19361,2020-07-01,4.23,4.18,4.4,5.07,0.0,0.0,2020-07-01,2911.57,2762.56,2919.35,2703.35,6.14,2020-07-01,3.37
136,2020-08-01,2272303,80586,66745,511593,70544,6896,16472,90898,38294,26262,78104,37135,704,97114,17113,106119,173166,170093,101577,90604,149240,11622,268554,365320,496716,19426,2020-08-01,4.16,4.14,4.24,4.27,0.0,0.0,2020-08-01,2966.2,2917.68,3090.42,2911.19,1.88,2020-08-01,3.57
137,2020-09-01,2301507,80822,65834,524877,71086,6978,16247,101262,38359,25932,78718,37341,756,97955,17175,108104,175738,172645,106394,95361,151345,12094,267050,367353,501778,18042,2020-09-01,4.17,4.2,4.19,4.23,4.61,0.0,2020-09-01,2905.81,2976.07,3002.25,2857.78,-2.04,2020-09-01,3.67
138,2020-10-01,2329197,78952,64186,533859,71839,6929,16632,107983,41840,25706,75258,37540,744,98167,16896,109325,176181,173078,107969,96859,151708,11710,265169,375461,512017,18552,2020-10-01,4.17,4.22,4.25,4.64,0.0,0.0,2020-10-01,2690.59,2911.08,2919.25,2664.44,-7.41,2020-10-01,3.98
139,2020-11-01,2367228,79514,64437,545880,74692,6846,16892,107496,45210,25258,77807,37898,642,100292,17370,111355,176120,172996,110526,99355,149975,13363,270938,386425,516466,20024,2020-11-01,4.06,4.21,4.24,4.79,0.0,0.0,2020-11-01,3107.58,2681.19,3150.78,2658.49,15.5,2020-11-01,4.42
140,2020-12-01,2377690,81326,65834,538898,78310,5432,20341,107756,46339,25085,73928,37516,593,90596,19116,113659,176684,173561,112398,101200,150237,12298,276160,392859,515642,19823,2020-12-01,4.17,4.21,4.4,4.63,6.06,0.0,2020-12-01,3289.02,3113.06,3318.39,3113.06,5.84,2020-12-01,4.91
141,2021-01-01,2354663,88533,72150,523838,79818,5699,19853,108010,44125,26488,71840,34724,656,81006,17668,113846,178335,175198,109924,99726,143396,12365,265490,400663,508805,21830,2021-01-01,4.31,4.34,4.51,4.66,0.0,0.0,2021-01-01,3277.08,3306.12,3520.66,3272.53,-0.36,2021-01-01,5.19
142,2021-02-01,2359704,89170,72517,527210,80350,5800,21132,106644,44235,26611,72835,34320,699,82328,18731,114391,180590,177482,110363,99784,146794,12595,265671,400643,505342,19527,2021-02-01,4.06,4.19,4.2,4.67,0.0,5.17,2021-02-01,3346.64,3287.96,3510.77,3268.52,2.12,2021-02-01,5.67
143,2021-03-01,2372604,91124,70111,535849,81875,6074,22754,98871,47320,27426,74601,35728,740,82643,18023,113294,179311,176345,117711,107481,151546,12552,261609,389616,510656,21884,2021-03-01,4.22,4.31,0.0,4.84,5.19,0.0,2021-03-01,3541.72,3369.68,3602.18,3354.09,5.83,2021-03-01,5.78
144,2021-04-01,2401295,94022,71764,543106,82339,6395,22439,99006,48659,27382,75105,35994,847,86960,18540,110414,181445,178509,121211,110840,149387,12450,262617,399164,517940,21986,2021-04-01,4.51,4.66,4.89,5.59,0.0,0.0,2021-04-01,3544.0,3556.28,3627.91,3460.39,0.06,2021-04-01,5.52
145,2021-05-01,2451730,101913,78694,549044,87738,6666,22733,98854,48866,27379,74485,35918,679,87154,18309,111375,184591,181706,128788,118282,151181,11985,263395,408759,528451,24227,2021-05-01,4.79,4.82,0.0,5.59,0.0,0.0,2021-05-01,3721.63,3557.62,3752.8,3556.08,5.01,2021-05-01,6.01
146,2021-06-01,2491319,102696,78775,553945,87426,7916,22682,99879,50013,27333,73779,34692,789,89233,18841,112201,186640,183753,133770,122731,156385,11325,268437,419992,533927,23320,2021-06-01,5.1,5.31,0.0,5.99,0.0,0.0,2021-06-01,3841.85,3739.57,3865.2,3739.57,3.23,2021-06-01,6.51
147,2021-07-01,2548266,109891,84938,558047,90197,7975,22727,95480,51637,27041,74870,35325,783,90995,18896,113010,188756,185852,138111,126293,158993,11359,270573,442644,544098,24138,2021-07-01,5.76,5.68,0.0,6.85,0.0,0.0,2021-07-01,3771.58,3843.28,3915.0,3679.44,-1.83,2021-07-01,6.47
148,2021-08-01,2605339,118594,83552,562992,94385,8386,22878,95361,53019,21716,73007,36299,802,94204,18808,114970,189202,186305,144294,131840,159217,11354,277242,456655,556978,25190,2021-08-01,6.3,6.48,6.91,6.95,0.0,0.0,2021-08-01,3918.96,3791.22,3949.07,3771.58,3.91,2021-08-01,6.69
149,2021-09-01,2635230,118442,83433,571190,94998,8494,22498,95293,57403,21541,72887,35938,851,97159,19488,118331,188318,185430,151769,139171,151686,11279,279256,476498,555377,24359,2021-09-01,6.57,6.65,6.68,7.64,0.0,0.0,2021-09-01,4103.52,3924.32,4112.31,3918.96,4.71,2021-09-01,7.41
150,2021-10-01,2681606,117251,82445,580953,95266,8641,22490,94510,64598,21038,72120,36426,843,99101,20351,119065,188122,185233,158995,145977,149184,11278,286475,490327,565111,26120,2021-10-01,6.81,6.91,0.0,7.55,0.0,8.78,2021-10-01,4150.0,4078.59,4292.68,4065.4,1.13,2021-10-01,8.14
151,2021-11-01,2740323,119638,84863,594557,98391,8822,22484,95148,69388,21061,71186,37337,857,102266,19572,121916,189624,186739,165485,152278,150615,10848,295558,499589,576549,26788,2021-11-01,7.33,7.56,7.53,7.91,0.0,0.0,2021-11-01,3890.59,4155.24,4245.32,3776.61,-6.25,2021-11-01,8.4
152,2021-12-01,2775261,118509,83614,599372,100190,8904,22590,95298,71359,21260,70142,37018,881,102915,18958,120969,190016,187149,167913,154477,151793,10919,302408,510809,586711,26757,2021-12-01,7.62,7.85,8.1,8.68,0.0,10.32,2021-12-01,3787.26,3907.17,3977.16,3532.29,-2.66,2021-12-01,8.39
153,2022-01-01,2789565,116566,80385,605462,101561,9254,23256,98373,74575,21260,70770,34987,838,101448,18104,121220,192220,189310,163918,151304,150606,13163,301263,510947,599845,27515,2022-01-01,8.29,8.35,8.5,8.96,0.0,0.0,2022-01-01,3530.38,3825.3,3892.33,3158.46,-6.78,2022-01-01,8.74
154,2022-02-01,2804190,113673,74361,626520,105132,9230,23460,106108,76840,22147,71238,36285,956,105341,19940,126178,191857,188881,167639,155098,154622,13352,312659,487781,597238,26019,2022-02-01,9.57,9.27,9.9,9.7,0.0,0.0,2022-02-01,2470.48,3564.55,3683.95,1681.55,-30.02,2022-02-01,9.16
155,2022-03-01,2896198,120718,80503,654921,109364,9408,23533,105087,83345,22555,85852,35825,937,107765,21590,125913,190190,187222,176094,162765,164835,13341,321470,505888,606220,29944,2022-03-01,19.87,24.0,0.0,0.0,22.07,0.0,2022-03-01,2703.51,2474.52,2761.17,2363.62,9.43,2022-03-01,16.7
156,2022-04-01,2926726,131759,90839,663038,108335,9540,23570,105617,84920,22933,91749,35966,909,107875,20469,120909,192769,189834,179703,166330,164107,13424,328802,512556,606532,26546,2022-04-01,17.08,19.22,0.0,21.27,0.0,0.0,2022-04-01,2445.17,2714.62,2835.46,2168.18,-9.56,2022-04-01,17.83
157,2022-05-01,2985861,136428,93389,675846,110814,9948,23694,106430,89773,23982,87135,37826,930,111219,20986,119695,199145,196233,185718,171455,170551,15604,328091,523194,620546,26644,2022-05-01,13.25,13.88,15.75,15.31,15.66,0.0,2022-05-01,2355.75,2444.25,2490.17,2229.22,-3.66,2022-05-01,17.11
158,2022-06-01,2995793,136572,91466,690407,109951,10276,23500,106054,91732,24114,93947,39175,886,114545,21844,119411,200405,197538,190069,175725,169512,16231,324182,532539,610364,22327,2022-06-01,9.63,0.0,0.0,0.0,9.76,0.0,2022-06-01,2204.85,2349.84,2419.81,2184.71,-6.41,2022-06-01,15.9
159,2022-07-01,3032436,140447,92680,695548,108535,12857,24066,104364,97202,24051,96803,40054,966,108348,21684,119418,203504,200633,193934,179133,167837,15536,321606,543479,622882,23778,2022-07-01,8.9,9.18,9.46,13.25,0.0,10.65,2022-07-01,2213.81,2197.9,2273.24,2022.16,0.41,2022-07-01,15.09
160,2022-08-01,3093030,146810,98443,717660,109886,13086,24354,108077,99426,24556,102333,43150,1045,112688,21363,121051,206258,203408,201694,187056,164469,12444,324283,555875,632530,22396,2022-08-01,7.94,8.23,0.0,9.37,0.0,0.0,2022-08-01,2400.08,2213.75,2423.12,2052.08,8.41,2022-08-01,14.3
161,2022-09-01,3204919,192828,143727,734122,109687,12505,23908,111094,103326,24382,106874,44710,1056,116970,20967,121946,208463,205609,209401,194340,166088,11715,328695,571683,649804,21884,2022-09-01,7.68,7.96,7.96,0.0,0.0,0.0,2022-09-01,1957.31,2401.98,2492.15,1841.42,-18.45,2022-09-01,13.67
162,2022-10-01,3291005,191972,141595,769237,112301,12642,23962,117724,105958,23976,110402,46593,1057,131718,21437,122014,210405,207535,215641,200324,165956,11620,355325,590555,647478,22418,2022-10-01,7.67,7.81,0.0,0.0,0.0,0.0,2022-10-01,2166.61,1991.88,2184.38,1775.04,10.69,2022-10-01,12.63
163,2022-11-01,3408880,202082,147825,791008,114216,12727,24398,118648,108232,23856,118670,48444,1064,136354,21563,123298,210938,208035,223790,208598,169595,11585,393748,621792,650912,21713,2022-11-01,7.31,7.82,0.0,0.0,0.0,0.0,2022-11-01,2174.53,2179.15,2254.94,2123.32,0.37,2022-11-01,11.97
164,2022-12-01,3470315,205046,150226,802172,115044,13313,24119,121362,110042,23755,116344,49413,1070,140334,21913,124211,213581,210672,229035,213651,169358,11611,401971,636219,667128,21589,2022-12-01,7.31,7.63,7.62,0.0,0.0,0.0,2022-12-01,2154.12,2189.65,2210.7,2070.58,-0.94,2022-12-01,11.92
165,2023-01-01,3538871,213333,155611,821060,115027,12996,26155,144099,115313,23515,108465,49509,1143,139789,21417,123877,215796,212926,222404,208192,174019,11543,408103,652376,686937,20960,2023-01-01,7.0,7.6,0.0,0.0,0.0,0.0,2023-01-01,2225.6,2171.54,2226.49,2145.14,3.32,2023-01-01,11.76
